date,division,district,city_area,market,market_bn,commodity,commodity_bn,variety,variety_bn,unit,unit_bn,price_min,price_max,price_mid,currency,source,source_url,confidence,lat,lon
2026-06-04,Dhaka,Dhaka,Dhaka Metropolitan,Karwan Bazar,কারওয়ান বাজার,Onion-local,পেঁয়াজ-দেশি,,,kg,কেজি,59.87,61.69,60.78,BDT,demo template - replace with live market CSV/API,,demo only; not official; replace before publication,23.7516,90.3937
2026-06-04,Dhaka,Dhaka,Dhaka Metropolitan,Karwan Bazar,কারওয়ান বাজার,Potato,আলু,,,kg,কেজি,33.65,34.67,34.16,BDT,demo template - replace with live market CSV/API,,demo only; not official; replace before publication,23.7516,90.3937
2026-06-04,Dhaka,Dhaka,Dhaka Metropolitan,Karwan Bazar,কারওয়ান বাজার,Green Chili,কাঁচা মরিচ,,,kg,কেজি,213.72,220.22,216.97,BDT,demo template - replace with live market CSV/API,,demo only; not official; replace before publication,23.7516,90.3937
2026-06-04,Dhaka,Dhaka,Dhaka Metropolitan,Karwan Bazar,কারওয়ান বাজার,Garlic-local,রসুন-দেশি,,,kg,কেজি,175.34,180.68,178.01,BDT,demo template - replace with live market CSV/API,,demo only; not official; replace before publication,23.7516,90.3937
2026-06-04,Dhaka,Dhaka,Dhaka Metropolitan,Karwan Bazar,কারওয়ান বাজার,Broiler Chicken,ব্রয়লার মুরগি,,,kg,কেজি,155.67,160.41,158.04,BDT,demo template - replace with live market CSV/API,,demo only; not official; replace before publication,23.7516,90.3937
2026-06-04,Dhaka,Dhaka,Dhaka Metropolitan,Karwan Bazar,কারওয়ান বাজার,Beef,গরুর মাংস,,,kg,কেজি,715.94,737.74,726.84,BDT,demo template - replace with live market CSV/API,,demo only; not official; replace before publication,23.7516,90.3937
2026-06-04,Dhaka,Dhaka,Dhaka Metropolitan,Karwan Bazar,কারওয়ান বাজার,Egg,ডিম,Farm red,ফার্ম লাল,dozen,ডজন,142.08,146.4,144.24,BDT,demo template - replace with live market CSV/API,,demo only; not official; replace before publication,23.7516,90.3937
2026-06-04,Dhaka,Dhaka,Dhaka Metropolitan,Karwan Bazar,কারওয়ান বাজার,Soybean,সয়াবিন তেল,Loose,খোলা,litre,লিটার,155.32,160.06,157.69,BDT,demo template - replace with live market CSV/API,,demo only; not official; replace before publication,23.7516,90.3937
2026-06-04,Dhaka,Dhaka,Dhaka Metropolitan,Karwan Bazar,কারওয়ান বাজার,Sugar,চিনি,Local,দেশি,kg,কেজি,129.98,133.94,131.96,BDT,demo template - replace with live market CSV/API,,demo only; not official; replace before publication,23.7516,90.3937
2026-06-04,Dhaka,Dhaka,Dhaka Metropolitan,Karwan Bazar,কারওয়ান বাজার,Masur Dal,মসুর ডাল,Medium,মাঝারি,kg,কেজি,121.63,125.33,123.48,BDT,demo template - replace with live market CSV/API,,demo only; not official; replace before publication,23.7516,90.3937
2026-06-04,Dhaka,Dhaka,Dhaka Metropolitan,Karwan Bazar,কারওয়ান বাজার,Ata (packet),আটা-প্যাকেট,,,kg,কেজি,56.71,58.43,57.57,BDT,demo template - replace with live market CSV/API,,demo only; not official; replace before publication,23.7516,90.3937
2026-06-04,Dhaka,Dhaka,Dhaka Metropolitan,Shyambazar,শ্যামবাজার,Onion-local,পেঁয়াজ-দেশি,,,kg,কেজি,57.81,59.57,58.69,BDT,demo template - replace with live market CSV/API,,demo only; not official; replace before publication,23.7115,90.4071
2026-06-04,Dhaka,Dhaka,Dhaka Metropolitan,Shyambazar,শ্যামবাজার,Potato,আলু,,,kg,কেজি,33.16,34.18,33.67,BDT,demo template - replace with live market CSV/API,,demo only; not official; replace before publication,23.7115,90.4071
2026-06-04,Dhaka,Dhaka,Dhaka Metropolitan,Shyambazar,শ্যামবাজার,Green Chili,কাঁচা মরিচ,,,kg,কেজি,210.55,216.97,213.76,BDT,demo template - replace with live market CSV/API,,demo only; not official; replace before publication,23.7115,90.4071
2026-06-04,Dhaka,Dhaka,Dhaka Metropolitan,Shyambazar,শ্যামবাজার,Garlic-local,রসুন-দেশি,,,kg,কেজি,168.85,173.99,171.42,BDT,demo template - replace with live market CSV/API,,demo only; not official; replace before publication,23.7115,90.4071
2026-06-04,Dhaka,Dhaka,Dhaka Metropolitan,Shyambazar,শ্যামবাজার,Broiler Chicken,ব্রয়লার মুরগি,,,kg,কেজি,152.12,156.76,154.44,BDT,demo template - replace with live market CSV/API,,demo only; not official; replace before publication,23.7115,90.4071
2026-06-04,Dhaka,Dhaka,Dhaka Metropolitan,Shyambazar,শ্যামবাজার,Beef,গরুর মাংস,,,kg,কেজি,685.06,705.92,695.49,BDT,demo template - replace with live market CSV/API,,demo only; not official; replace before publication,23.7115,90.4071
2026-06-04,Dhaka,Dhaka,Dhaka Metropolitan,Shyambazar,শ্যামবাজার,Egg,ডিম,Farm red,ফার্ম লাল,dozen,ডজন,132.45,136.49,134.47,BDT,demo template - replace with live market CSV/API,,demo only; not official; replace before publication,23.7115,90.4071
2026-06-04,Dhaka,Dhaka,Dhaka Metropolitan,Shyambazar,শ্যামবাজার,Soybean,সয়াবিন তেল,Loose,খোলা,litre,লিটার,153.89,158.57,156.23,BDT,demo template - replace with live market CSV/API,,demo only; not official; replace before publication,23.7115,90.4071
2026-06-04,Dhaka,Dhaka,Dhaka Metropolitan,Shyambazar,শ্যামবাজার,Sugar,চিনি,Local,দেশি,kg,কেজি,128.37,132.27,130.32,BDT,demo template - replace with live market CSV/API,,demo only; not official; replace before publication,23.7115,90.4071
2026-06-04,Dhaka,Dhaka,Dhaka Metropolitan,Shyambazar,শ্যামবাজার,Masur Dal,মসুর ডাল,Medium,মাঝারি,kg,কেজি,117.79,121.37,119.58,BDT,demo template - replace with live market CSV/API,,demo only; not official; replace before publication,23.7115,90.4071
2026-06-04,Dhaka,Dhaka,Dhaka Metropolitan,Shyambazar,শ্যামবাজার,Ata (packet),আটা-প্যাকেট,,,kg,কেজি,57.05,58.79,57.92,BDT,demo template - replace with live market CSV/API,,demo only; not official; replace before publication,23.7115,90.4071
2026-06-04,Dhaka,Dhaka,Dhaka Metropolitan,Jatrabari Bazar,যাত্রাবাড়ী বাজার,Onion-local,পেঁয়াজ-দেশি,,,kg,কেজি,59.02,60.82,59.92,BDT,demo template - replace with live market CSV/API,,demo only; not official; replace before publication,23.7104,90.435
2026-06-04,Dhaka,Dhaka,Dhaka Metropolitan,Jatrabari Bazar,যাত্রাবাড়ী বাজার,Potato,আলু,,,kg,কেজি,33.92,34.96,34.44,BDT,demo template - replace with live market CSV/API,,demo only; not official; replace before publication,23.7104,90.435
2026-06-04,Dhaka,Dhaka,Dhaka Metropolitan,Jatrabari Bazar,যাত্রাবাড়ী বাজার,Green Chili,কাঁচা মরিচ,,,kg,কেজি,211.16,217.6,214.38,BDT,demo template - replace with live market CSV/API,,demo only; not official; replace before publication,23.7104,90.435
2026-06-04,Dhaka,Dhaka,Dhaka Metropolitan,Jatrabari Bazar,যাত্রাবাড়ী বাজার,Garlic-local,রসুন-দেশি,,,kg,কেজি,168.67,173.81,171.24,BDT,demo template - replace with live market CSV/API,,demo only; not official; replace before publication,23.7104,90.435
2026-06-04,Dhaka,Dhaka,Dhaka Metropolitan,Jatrabari Bazar,যাত্রাবাড়ী বাজার,Broiler Chicken,ব্রয়লার মুরগি,,,kg,কেজি,159.37,164.23,161.8,BDT,demo template - replace with live market CSV/API,,demo only; not official; replace before publication,23.7104,90.435
2026-06-04,Dhaka,Dhaka,Dhaka Metropolitan,Jatrabari Bazar,যাত্রাবাড়ী বাজার,Beef,গরুর মাংস,,,kg,কেজি,716.61,738.43,727.52,BDT,demo template - replace with live market CSV/API,,demo only; not official; replace before publication,23.7104,90.435
2026-06-04,Dhaka,Dhaka,Dhaka Metropolitan,Jatrabari Bazar,যাত্রাবাড়ী বাজার,Egg,ডিম,Farm red,ফার্ম লাল,dozen,ডজন,137.35,141.53,139.44,BDT,demo template - replace with live market CSV/API,,demo only; not official; replace before publication,23.7104,90.435
2026-06-04,Dhaka,Dhaka,Dhaka Metropolitan,Jatrabari Bazar,যাত্রাবাড়ী বাজার,Soybean,সয়াবিন তেল,Loose,খোলা,litre,লিটার,153.81,158.49,156.15,BDT,demo template - replace with live market CSV/API,,demo only; not official; replace before publication,23.7104,90.435
2026-06-04,Dhaka,Dhaka,Dhaka Metropolitan,Jatrabari Bazar,যাত্রাবাড়ী বাজার,Sugar,চিনি,Local,দেশি,kg,কেজি,126.82,130.68,128.75,BDT,demo template - replace with live market CSV/API,,demo only; not official; replace before publication,23.7104,90.435
2026-06-04,Dhaka,Dhaka,Dhaka Metropolitan,Jatrabari Bazar,যাত্রাবাড়ী বাজার,Masur Dal,মসুর ডাল,Medium,মাঝারি,kg,কেজি,117.96,121.56,119.76,BDT,demo template - replace with live market CSV/API,,demo only; not official; replace before publication,23.7104,90.435
2026-06-04,Dhaka,Dhaka,Dhaka Metropolitan,Jatrabari Bazar,যাত্রাবাড়ী বাজার,Ata (packet),আটা-প্যাকেট,,,kg,কেজি,56.82,58.56,57.69,BDT,demo template - replace with live market CSV/API,,demo only; not official; replace before publication,23.7104,90.435
2026-06-04,Dhaka,Dhaka,Dhaka Metropolitan,Mirpur-1 Kitchen Market,মিরপুর-১ কাঁচাবাজার,Onion-local,পেঁয়াজ-দেশি,,,kg,কেজি,63.37,65.29,64.33,BDT,demo template - replace with live market CSV/API,,demo only; not official; replace before publication,23.8067,90.3686
2026-06-04,Dhaka,Dhaka,Dhaka Metropolitan,Mirpur-1 Kitchen Market,মিরপুর-১ কাঁচাবাজার,Potato,আলু,,,kg,কেজি,34.69,35.75,35.22,BDT,demo template - replace with live market CSV/API,,demo only; not official; replace before publication,23.8067,90.3686
2026-06-04,Dhaka,Dhaka,Dhaka Metropolitan,Mirpur-1 Kitchen Market,মিরপুর-১ কাঁচাবাজার,Green Chili,কাঁচা মরিচ,,,kg,কেজি,230.82,237.86,234.34,BDT,demo template - replace with live market CSV/API,,demo only; not official; replace before publication,23.8067,90.3686
2026-06-04,Dhaka,Dhaka,Dhaka Metropolitan,Mirpur-1 Kitchen Market,মিরপুর-১ কাঁচাবাজার,Garlic-local,রসুন-দেশি,,,kg,কেজি,182.54,188.1,185.32,BDT,demo template - replace with live market CSV/API,,demo only; not official; replace before publication,23.8067,90.3686
2026-06-04,Dhaka,Dhaka,Dhaka Metropolitan,Mirpur-1 Kitchen Market,মিরপুর-১ কাঁচাবাজার,Broiler Chicken,ব্রয়লার মুরগি,,,kg,কেজি,162.37,167.31,164.84,BDT,demo template - replace with live market CSV/API,,demo only; not official; replace before publication,23.8067,90.3686
2026-06-04,Dhaka,Dhaka,Dhaka Metropolitan,Mirpur-1 Kitchen Market,মিরপুর-১ কাঁচাবাজার,Beef,গরুর মাংস,,,kg,কেজি,740.25,762.79,751.52,BDT,demo template - replace with live market CSV/API,,demo only; not official; replace before publication,23.8067,90.3686
2026-06-04,Dhaka,Dhaka,Dhaka Metropolitan,Mirpur-1 Kitchen Market,মিরপুর-১ কাঁচাবাজার,Egg,ডিম,Farm red,ফার্ম লাল,dozen,ডজন,144.86,149.28,147.07,BDT,demo template - replace with live market CSV/API,,demo only; not official; replace before publication,23.8067,90.3686
2026-06-04,Dhaka,Dhaka,Dhaka Metropolitan,Mirpur-1 Kitchen Market,মিরপুর-১ কাঁচাবাজার,Soybean,সয়াবিন তেল,Loose,খোলা,litre,লিটার,161.13,166.03,163.58,BDT,demo template - replace with live market CSV/API,,demo only; not official; replace before publication,23.8067,90.3686
2026-06-04,Dhaka,Dhaka,Dhaka Metropolitan,Mirpur-1 Kitchen Market,মিরপুর-১ কাঁচাবাজার,Sugar,চিনি,Local,দেশি,kg,কেজি,134.35,138.45,136.4,BDT,demo template - replace with live market CSV/API,,demo only; not official; replace before publication,23.8067,90.3686
2026-06-04,Dhaka,Dhaka,Dhaka Metropolitan,Mirpur-1 Kitchen Market,মিরপুর-১ কাঁচাবাজার,Masur Dal,মসুর ডাল,Medium,মাঝারি,kg,কেজি,128.37,132.27,130.32,BDT,demo template - replace with live market CSV/API,,demo only; not official; replace before publication,23.8067,90.3686
2026-06-04,Dhaka,Dhaka,Dhaka Metropolitan,Mirpur-1 Kitchen Market,মিরপুর-১ কাঁচাবাজার,Ata (packet),আটা-প্যাকেট,,,kg,কেজি,59.22,61.02,60.12,BDT,demo template - replace with live market CSV/API,,demo only; not official; replace before publication,23.8067,90.3686
2026-06-04,Dhaka,Dhaka,Dhaka Metropolitan,Mohammadpur Krishi Market,মোহাম্মদপুর কৃষি মার্কেট,Onion-local,পেঁয়াজ-দেশি,,,kg,কেজি,61.48,63.36,62.42,BDT,demo template - replace with live market CSV/API,,demo only; not official; replace before publication,23.765,90.3588
2026-06-04,Dhaka,Dhaka,Dhaka Metropolitan,Mohammadpur Krishi Market,মোহাম্মদপুর কৃষি মার্কেট,Potato,আলু,,,kg,কেজি,33.88,34.92,34.4,BDT,demo template - replace with live market CSV/API,,demo only; not official; replace before publication,23.765,90.3588
2026-06-04,Dhaka,Dhaka,Dhaka Metropolitan,Mohammadpur Krishi Market,মোহাম্মদপুর কৃষি মার্কেট,Green Chili,কাঁচা মরিচ,,,kg,কেজি,222.93,229.71,226.32,BDT,demo template - replace with live market CSV/API,,demo only; not official; replace before publication,23.765,90.3588
2026-06-04,Dhaka,Dhaka,Dhaka Metropolitan,Mohammadpur Krishi Market,মোহাম্মদপুর কৃষি মার্কেট,Garlic-local,রসুন-দেশি,,,kg,কেজি,179.14,184.6,181.87,BDT,demo template - replace with live market CSV/API,,demo only; not official; replace before publication,23.765,90.3588
2026-06-04,Dhaka,Dhaka,Dhaka Metropolitan,Mohammadpur Krishi Market,মোহাম্মদপুর কৃষি মার্কেট,Broiler Chicken,ব্রয়লার মুরগি,,,kg,কেজি,160.42,165.3,162.86,BDT,demo template - replace with live market CSV/API,,demo only; not official; replace before publication,23.765,90.3588
2026-06-04,Dhaka,Dhaka,Dhaka Metropolitan,Mohammadpur Krishi Market,মোহাম্মদপুর কৃষি মার্কেট,Beef,গরুর মাংস,,,kg,কেজি,712.34,734.04,723.19,BDT,demo template - replace with live market CSV/API,,demo only; not official; replace before publication,23.765,90.3588
2026-06-04,Dhaka,Dhaka,Dhaka Metropolitan,Mohammadpur Krishi Market,মোহাম্মদপুর কৃষি মার্কেট,Egg,ডিম,Farm red,ফার্ম লাল,dozen,ডজন,139.15,143.39,141.27,BDT,demo template - replace with live market CSV/API,,demo only; not official; replace before publication,23.765,90.3588
2026-06-04,Dhaka,Dhaka,Dhaka Metropolitan,Mohammadpur Krishi Market,মোহাম্মদপুর কৃষি মার্কেট,Soybean,সয়াবিন তেল,Loose,খোলা,litre,লিটার,162.17,167.11,164.64,BDT,demo template - replace with live market CSV/API,,demo only; not official; replace before publication,23.765,90.3588
2026-06-04,Dhaka,Dhaka,Dhaka Metropolitan,Mohammadpur Krishi Market,মোহাম্মদপুর কৃষি মার্কেট,Sugar,চিনি,Local,দেশি,kg,কেজি,129.05,132.99,131.02,BDT,demo template - replace with live market CSV/API,,demo only; not official; replace before publication,23.765,90.3588
2026-06-04,Dhaka,Dhaka,Dhaka Metropolitan,Mohammadpur Krishi Market,মোহাম্মদপুর কৃষি মার্কেট,Masur Dal,মসুর ডাল,Medium,মাঝারি,kg,কেজি,120.8,124.48,122.64,BDT,demo template - replace with live market CSV/API,,demo only; not official; replace before publication,23.765,90.3588
2026-06-04,Dhaka,Dhaka,Dhaka Metropolitan,Mohammadpur Krishi Market,মোহাম্মদপুর কৃষি মার্কেট,Ata (packet),আটা-প্যাকেট,,,kg,কেজি,59.21,61.01,60.11,BDT,demo template - replace with live market CSV/API,,demo only; not official; replace before publication,23.765,90.3588
2026-06-04,Dhaka,Dhaka,Dhaka Metropolitan,Uttara Sector 6 Market,উত্তরা সেক্টর ৬ বাজার,Onion-local,পেঁয়াজ-দেশি,,,kg,কেজি,64.33,66.29,65.31,BDT,demo template - replace with live market CSV/API,,demo only; not official; replace before publication,23.8759,90.3795
2026-06-04,Dhaka,Dhaka,Dhaka Metropolitan,Uttara Sector 6 Market,উত্তরা সেক্টর ৬ বাজার,Potato,আলু,,,kg,কেজি,35.42,36.5,35.96,BDT,demo template - replace with live market CSV/API,,demo only; not official; replace before publication,23.8759,90.3795
2026-06-04,Dhaka,Dhaka,Dhaka Metropolitan,Uttara Sector 6 Market,উত্তরা সেক্টর ৬ বাজার,Green Chili,কাঁচা মরিচ,,,kg,কেজি,227.49,234.41,230.95,BDT,demo template - replace with live market CSV/API,,demo only; not official; replace before publication,23.8759,90.3795
2026-06-04,Dhaka,Dhaka,Dhaka Metropolitan,Uttara Sector 6 Market,উত্তরা সেক্টর ৬ বাজার,Garlic-local,রসুন-দেশি,,,kg,কেজি,182.14,187.68,184.91,BDT,demo template - replace with live market CSV/API,,demo only; not official; replace before publication,23.8759,90.3795
2026-06-04,Dhaka,Dhaka,Dhaka Metropolitan,Uttara Sector 6 Market,উত্তরা সেক্টর ৬ বাজার,Broiler Chicken,ব্রয়লার মুরগি,,,kg,কেজি,164.27,169.27,166.77,BDT,demo template - replace with live market CSV/API,,demo only; not official; replace before publication,23.8759,90.3795
2026-06-04,Dhaka,Dhaka,Dhaka Metropolitan,Uttara Sector 6 Market,উত্তরা সেক্টর ৬ বাজার,Beef,গরুর মাংস,,,kg,কেজি,754.99,777.99,766.49,BDT,demo template - replace with live market CSV/API,,demo only; not official; replace before publication,23.8759,90.3795
2026-06-04,Dhaka,Dhaka,Dhaka Metropolitan,Uttara Sector 6 Market,উত্তরা সেক্টর ৬ বাজার,Egg,ডিম,Farm red,ফার্ম লাল,dozen,ডজন,143.94,148.32,146.13,BDT,demo template - replace with live market CSV/API,,demo only; not official; replace before publication,23.8759,90.3795
2026-06-04,Dhaka,Dhaka,Dhaka Metropolitan,Uttara Sector 6 Market,উত্তরা সেক্টর ৬ বাজার,Soybean,সয়াবিন তেল,Loose,খোলা,litre,লিটার,167.57,172.67,170.12,BDT,demo template - replace with live market CSV/API,,demo only; not official; replace before publication,23.8759,90.3795
2026-06-04,Dhaka,Dhaka,Dhaka Metropolitan,Uttara Sector 6 Market,উত্তরা সেক্টর ৬ বাজার,Sugar,চিনি,Local,দেশি,kg,কেজি,139.29,143.53,141.41,BDT,demo template - replace with live market CSV/API,,demo only; not official; replace before publication,23.8759,90.3795
2026-06-04,Dhaka,Dhaka,Dhaka Metropolitan,Uttara Sector 6 Market,উত্তরা সেক্টর ৬ বাজার,Masur Dal,মসুর ডাল,Medium,মাঝারি,kg,কেজি,124.2,127.98,126.09,BDT,demo template - replace with live market CSV/API,,demo only; not official; replace before publication,23.8759,90.3795
2026-06-04,Dhaka,Dhaka,Dhaka Metropolitan,Uttara Sector 6 Market,উত্তরা সেক্টর ৬ বাজার,Ata (packet),আটা-প্যাকেট,,,kg,কেজি,61.14,63.0,62.07,BDT,demo template - replace with live market CSV/API,,demo only; not official; replace before publication,23.8759,90.3795
2026-06-04,Dhaka,Dhaka,Dhaka Metropolitan,New Market Kitchen Market,নিউ মার্কেট কাঁচাবাজার,Onion-local,পেঁয়াজ-দেশি,,,kg,কেজি,62.12,64.02,63.07,BDT,demo template - replace with live market CSV/API,,demo only; not official; replace before publication,23.7332,90.3841
2026-06-04,Dhaka,Dhaka,Dhaka Metropolitan,New Market Kitchen Market,নিউ মার্কেট কাঁচাবাজার,Potato,আলু,,,kg,কেজি,34.27,35.31,34.79,BDT,demo template - replace with live market CSV/API,,demo only; not official; replace before publication,23.7332,90.3841
2026-06-04,Dhaka,Dhaka,Dhaka Metropolitan,New Market Kitchen Market,নিউ মার্কেট কাঁচাবাজার,Green Chili,কাঁচা মরিচ,,,kg,কেজি,221.65,228.41,225.03,BDT,demo template - replace with live market CSV/API,,demo only; not official; replace before publication,23.7332,90.3841
2026-06-04,Dhaka,Dhaka,Dhaka Metropolitan,New Market Kitchen Market,নিউ মার্কেট কাঁচাবাজার,Garlic-local,রসুন-দেশি,,,kg,কেজি,181.79,187.33,184.56,BDT,demo template - replace with live market CSV/API,,demo only; not official; replace before publication,23.7332,90.3841
2026-06-04,Dhaka,Dhaka,Dhaka Metropolitan,New Market Kitchen Market,নিউ মার্কেট কাঁচাবাজার,Broiler Chicken,ব্রয়লার মুরগি,,,kg,কেজি,168.54,173.68,171.11,BDT,demo template - replace with live market CSV/API,,demo only; not official; replace before publication,23.7332,90.3841
2026-06-04,Dhaka,Dhaka,Dhaka Metropolitan,New Market Kitchen Market,নিউ মার্কেট কাঁচাবাজার,Beef,গরুর মাংস,,,kg,কেজি,723.57,745.61,734.59,BDT,demo template - replace with live market CSV/API,,demo only; not official; replace before publication,23.7332,90.3841
2026-06-04,Dhaka,Dhaka,Dhaka Metropolitan,New Market Kitchen Market,নিউ মার্কেট কাঁচাবাজার,Egg,ডিম,Farm red,ফার্ম লাল,dozen,ডজন,144.99,149.41,147.2,BDT,demo template - replace with live market CSV/API,,demo only; not official; replace before publication,23.7332,90.3841
2026-06-04,Dhaka,Dhaka,Dhaka Metropolitan,New Market Kitchen Market,নিউ মার্কেট কাঁচাবাজার,Soybean,সয়াবিন তেল,Loose,খোলা,litre,লিটার,167.13,172.23,169.68,BDT,demo template - replace with live market CSV/API,,demo only; not official; replace before publication,23.7332,90.3841
2026-06-04,Dhaka,Dhaka,Dhaka Metropolitan,New Market Kitchen Market,নিউ মার্কেট কাঁচাবাজার,Sugar,চিনি,Local,দেশি,kg,কেজি,131.79,135.81,133.8,BDT,demo template - replace with live market CSV/API,,demo only; not official; replace before publication,23.7332,90.3841
2026-06-04,Dhaka,Dhaka,Dhaka Metropolitan,New Market Kitchen Market,নিউ মার্কেট কাঁচাবাজার,Masur Dal,মসুর ডাল,Medium,মাঝারি,kg,কেজি,125.27,129.09,127.18,BDT,demo template - replace with live market CSV/API,,demo only; not official; replace before publication,23.7332,90.3841
2026-06-04,Dhaka,Dhaka,Dhaka Metropolitan,New Market Kitchen Market,নিউ মার্কেট কাঁচাবাজার,Ata (packet),আটা-প্যাকেট,,,kg,কেজি,58.43,60.21,59.32,BDT,demo template - replace with live market CSV/API,,demo only; not official; replace before publication,23.7332,90.3841
2026-06-04,Dhaka,Dhaka,Dhaka Metropolitan,Rampura Bazar,রামপুরা বাজার,Onion-local,পেঁয়াজ-দেশি,,,kg,কেজি,60.17,62.01,61.09,BDT,demo template - replace with live market CSV/API,,demo only; not official; replace before publication,23.7636,90.4218
2026-06-04,Dhaka,Dhaka,Dhaka Metropolitan,Rampura Bazar,রামপুরা বাজার,Potato,আলু,,,kg,কেজি,34.49,35.55,35.02,BDT,demo template - replace with live market CSV/API,,demo only; not official; replace before publication,23.7636,90.4218
2026-06-04,Dhaka,Dhaka,Dhaka Metropolitan,Rampura Bazar,রামপুরা বাজার,Green Chili,কাঁচা মরিচ,,,kg,কেজি,220.85,227.57,224.21,BDT,demo template - replace with live market CSV/API,,demo only; not official; replace before publication,23.7636,90.4218
2026-06-04,Dhaka,Dhaka,Dhaka Metropolitan,Rampura Bazar,রামপুরা বাজার,Garlic-local,রসুন-দেশি,,,kg,কেজি,176.31,181.68,179.0,BDT,demo template - replace with live market CSV/API,,demo only; not official; replace before publication,23.7636,90.4218
2026-06-04,Dhaka,Dhaka,Dhaka Metropolitan,Rampura Bazar,রামপুরা বাজার,Broiler Chicken,ব্রয়লার মুরগি,,,kg,কেজি,157.9,162.7,160.3,BDT,demo template - replace with live market CSV/API,,demo only; not official; replace before publication,23.7636,90.4218
2026-06-04,Dhaka,Dhaka,Dhaka Metropolitan,Rampura Bazar,রামপুরা বাজার,Beef,গরুর মাংস,,,kg,কেজি,717.54,739.4,728.47,BDT,demo template - replace with live market CSV/API,,demo only; not official; replace before publication,23.7636,90.4218
2026-06-04,Dhaka,Dhaka,Dhaka Metropolitan,Rampura Bazar,রামপুরা বাজার,Egg,ডিম,Farm red,ফার্ম লাল,dozen,ডজন,143.27,147.63,145.45,BDT,demo template - replace with live market CSV/API,,demo only; not official; replace before publication,23.7636,90.4218
2026-06-04,Dhaka,Dhaka,Dhaka Metropolitan,Rampura Bazar,রামপুরা বাজার,Soybean,সয়াবিন তেল,Loose,খোলা,litre,লিটার,160.92,165.82,163.37,BDT,demo template - replace with live market CSV/API,,demo only; not official; replace before publication,23.7636,90.4218
2026-06-04,Dhaka,Dhaka,Dhaka Metropolitan,Rampura Bazar,রামপুরা বাজার,Sugar,চিনি,Local,দেশি,kg,কেজি,130.61,134.59,132.6,BDT,demo template - replace with live market CSV/API,,demo only; not official; replace before publication,23.7636,90.4218
2026-06-04,Dhaka,Dhaka,Dhaka Metropolitan,Rampura Bazar,রামপুরা বাজার,Masur Dal,মসুর ডাল,Medium,মাঝারি,kg,কেজি,121.54,125.24,123.39,BDT,demo template - replace with live market CSV/API,,demo only; not official; replace before publication,23.7636,90.4218
2026-06-04,Dhaka,Dhaka,Dhaka Metropolitan,Rampura Bazar,রামপুরা বাজার,Ata (packet),আটা-প্যাকেট,,,kg,কেজি,60.06,61.88,60.97,BDT,demo template - replace with live market CSV/API,,demo only; not official; replace before publication,23.7636,90.4218
2026-06-05,Dhaka,Dhaka,Dhaka Metropolitan,Karwan Bazar,কারওয়ান বাজার,Onion-local,পেঁয়াজ-দেশি,,,kg,কেজি,60.44,62.28,61.36,BDT,demo template - replace with live market CSV/API,,demo only; not official; replace before publication,23.7516,90.3937
2026-06-05,Dhaka,Dhaka,Dhaka Metropolitan,Karwan Bazar,কারওয়ান বাজার,Potato,আলু,,,kg,কেজি,33.17,34.19,33.68,BDT,demo template - replace with live market CSV/API,,demo only; not official; replace before publication,23.7516,90.3937
2026-06-05,Dhaka,Dhaka,Dhaka Metropolitan,Karwan Bazar,কারওয়ান বাজার,Green Chili,কাঁচা মরিচ,,,kg,কেজি,221.8,228.56,225.18,BDT,demo template - replace with live market CSV/API,,demo only; not official; replace before publication,23.7516,90.3937
2026-06-05,Dhaka,Dhaka,Dhaka Metropolitan,Karwan Bazar,কারওয়ান বাজার,Garlic-local,রসুন-দেশি,,,kg,কেজি,171.4,176.62,174.01,BDT,demo template - replace with live market CSV/API,,demo only; not official; replace before publication,23.7516,90.3937
2026-06-05,Dhaka,Dhaka,Dhaka Metropolitan,Karwan Bazar,কারওয়ান বাজার,Broiler Chicken,ব্রয়লার মুরগি,,,kg,কেজি,159.73,164.59,162.16,BDT,demo template - replace with live market CSV/API,,demo only; not official; replace before publication,23.7516,90.3937
2026-06-05,Dhaka,Dhaka,Dhaka Metropolitan,Karwan Bazar,কারওয়ান বাজার,Beef,গরুর মাংস,,,kg,কেজি,708.42,730.0,719.21,BDT,demo template - replace with live market CSV/API,,demo only; not official; replace before publication,23.7516,90.3937
2026-06-05,Dhaka,Dhaka,Dhaka Metropolitan,Karwan Bazar,কারওয়ান বাজার,Egg,ডিম,Farm red,ফার্ম লাল,dozen,ডজন,139.47,143.71,141.59,BDT,demo template - replace with live market CSV/API,,demo only; not official; replace before publication,23.7516,90.3937
2026-06-05,Dhaka,Dhaka,Dhaka Metropolitan,Karwan Bazar,কারওয়ান বাজার,Soybean,সয়াবিন তেল,Loose,খোলা,litre,লিটার,157.89,162.69,160.29,BDT,demo template - replace with live market CSV/API,,demo only; not official; replace before publication,23.7516,90.3937
2026-06-05,Dhaka,Dhaka,Dhaka Metropolitan,Karwan Bazar,কারওয়ান বাজার,Sugar,চিনি,Local,দেশি,kg,কেজি,127.47,131.35,129.41,BDT,demo template - replace with live market CSV/API,,demo only; not official; replace before publication,23.7516,90.3937
2026-06-05,Dhaka,Dhaka,Dhaka Metropolitan,Karwan Bazar,কারওয়ান বাজার,Masur Dal,মসুর ডাল,Medium,মাঝারি,kg,কেজি,122.19,125.91,124.05,BDT,demo template - replace with live market CSV/API,,demo only; not official; replace before publication,23.7516,90.3937
2026-06-05,Dhaka,Dhaka,Dhaka Metropolitan,Karwan Bazar,কারওয়ান বাজার,Ata (packet),আটা-প্যাকেট,,,kg,কেজি,57.12,58.86,57.99,BDT,demo template - replace with live market CSV/API,,demo only; not official; replace before publication,23.7516,90.3937
2026-06-05,Dhaka,Dhaka,Dhaka Metropolitan,Shyambazar,শ্যামবাজার,Onion-local,পেঁয়াজ-দেশি,,,kg,কেজি,59.22,61.02,60.12,BDT,demo template - replace with live market CSV/API,,demo only; not official; replace before publication,23.7115,90.4071
2026-06-05,Dhaka,Dhaka,Dhaka Metropolitan,Shyambazar,শ্যামবাজার,Potato,আলু,,,kg,কেজি,32.18,33.16,32.67,BDT,demo template - replace with live market CSV/API,,demo only; not official; replace before publication,23.7115,90.4071
2026-06-05,Dhaka,Dhaka,Dhaka Metropolitan,Shyambazar,শ্যামবাজার,Green Chili,কাঁচা মরিচ,,,kg,কেজি,214.89,221.43,218.16,BDT,demo template - replace with live market CSV/API,,demo only; not official; replace before publication,23.7115,90.4071
2026-06-05,Dhaka,Dhaka,Dhaka Metropolitan,Shyambazar,শ্যামবাজার,Garlic-local,রসুন-দেশি,,,kg,কেজি,170.22,175.4,172.81,BDT,demo template - replace with live market CSV/API,,demo only; not official; replace before publication,23.7115,90.4071
2026-06-05,Dhaka,Dhaka,Dhaka Metropolitan,Shyambazar,শ্যামবাজার,Broiler Chicken,ব্রয়লার মুরগি,,,kg,কেজি,155.38,160.12,157.75,BDT,demo template - replace with live market CSV/API,,demo only; not official; replace before publication,23.7115,90.4071
2026-06-05,Dhaka,Dhaka,Dhaka Metropolitan,Shyambazar,শ্যামবাজার,Beef,গরুর মাংস,,,kg,কেজি,704.25,725.69,714.97,BDT,demo template - replace with live market CSV/API,,demo only; not official; replace before publication,23.7115,90.4071
2026-06-05,Dhaka,Dhaka,Dhaka Metropolitan,Shyambazar,শ্যামবাজার,Egg,ডিম,Farm red,ফার্ম লাল,dozen,ডজন,133.91,137.99,135.95,BDT,demo template - replace with live market CSV/API,,demo only; not official; replace before publication,23.7115,90.4071
2026-06-05,Dhaka,Dhaka,Dhaka Metropolitan,Shyambazar,শ্যামবাজার,Soybean,সয়াবিন তেল,Loose,খোলা,litre,লিটার,156.29,161.05,158.67,BDT,demo template - replace with live market CSV/API,,demo only; not official; replace before publication,23.7115,90.4071
2026-06-05,Dhaka,Dhaka,Dhaka Metropolitan,Shyambazar,শ্যামবাজার,Sugar,চিনি,Local,দেশি,kg,কেজি,125.74,129.56,127.65,BDT,demo template - replace with live market CSV/API,,demo only; not official; replace before publication,23.7115,90.4071
2026-06-05,Dhaka,Dhaka,Dhaka Metropolitan,Shyambazar,শ্যামবাজার,Masur Dal,মসুর ডাল,Medium,মাঝারি,kg,কেজি,116.14,119.68,117.91,BDT,demo template - replace with live market CSV/API,,demo only; not official; replace before publication,23.7115,90.4071
2026-06-05,Dhaka,Dhaka,Dhaka Metropolitan,Shyambazar,শ্যামবাজার,Ata (packet),আটা-প্যাকেট,,,kg,কেজি,57.82,59.58,58.7,BDT,demo template - replace with live market CSV/API,,demo only; not official; replace before publication,23.7115,90.4071
2026-06-05,Dhaka,Dhaka,Dhaka Metropolitan,Jatrabari Bazar,যাত্রাবাড়ী বাজার,Onion-local,পেঁয়াজ-দেশি,,,kg,কেজি,59.32,61.12,60.22,BDT,demo template - replace with live market CSV/API,,demo only; not official; replace before publication,23.7104,90.435
2026-06-05,Dhaka,Dhaka,Dhaka Metropolitan,Jatrabari Bazar,যাত্রাবাড়ী বাজার,Potato,আলু,,,kg,কেজি,33.44,34.46,33.95,BDT,demo template - replace with live market CSV/API,,demo only; not official; replace before publication,23.7104,90.435
2026-06-05,Dhaka,Dhaka,Dhaka Metropolitan,Jatrabari Bazar,যাত্রাবাড়ী বাজার,Green Chili,কাঁচা মরিচ,,,kg,কেজি,220.22,226.92,223.57,BDT,demo template - replace with live market CSV/API,,demo only; not official; replace before publication,23.7104,90.435
2026-06-05,Dhaka,Dhaka,Dhaka Metropolitan,Jatrabari Bazar,যাত্রাবাড়ী বাজার,Garlic-local,রসুন-দেশি,,,kg,কেজি,170.02,175.2,172.61,BDT,demo template - replace with live market CSV/API,,demo only; not official; replace before publication,23.7104,90.435
2026-06-05,Dhaka,Dhaka,Dhaka Metropolitan,Jatrabari Bazar,যাত্রাবাড়ী বাজার,Broiler Chicken,ব্রয়লার মুরগি,,,kg,কেজি,159.96,164.84,162.4,BDT,demo template - replace with live market CSV/API,,demo only; not official; replace before publication,23.7104,90.435
2026-06-05,Dhaka,Dhaka,Dhaka Metropolitan,Jatrabari Bazar,যাত্রাবাড়ী বাজার,Beef,গরুর মাংস,,,kg,কেজি,699.76,721.08,710.42,BDT,demo template - replace with live market CSV/API,,demo only; not official; replace before publication,23.7104,90.435
2026-06-05,Dhaka,Dhaka,Dhaka Metropolitan,Jatrabari Bazar,যাত্রাবাড়ী বাজার,Egg,ডিম,Farm red,ফার্ম লাল,dozen,ডজন,140.83,145.11,142.97,BDT,demo template - replace with live market CSV/API,,demo only; not official; replace before publication,23.7104,90.435
2026-06-05,Dhaka,Dhaka,Dhaka Metropolitan,Jatrabari Bazar,যাত্রাবাড়ী বাজার,Soybean,সয়াবিন তেল,Loose,খোলা,litre,লিটার,155.78,160.52,158.15,BDT,demo template - replace with live market CSV/API,,demo only; not official; replace before publication,23.7104,90.435
2026-06-05,Dhaka,Dhaka,Dhaka Metropolitan,Jatrabari Bazar,যাত্রাবাড়ী বাজার,Sugar,চিনি,Local,দেশি,kg,কেজি,125.94,129.78,127.86,BDT,demo template - replace with live market CSV/API,,demo only; not official; replace before publication,23.7104,90.435
2026-06-05,Dhaka,Dhaka,Dhaka Metropolitan,Jatrabari Bazar,যাত্রাবাড়ী বাজার,Masur Dal,মসুর ডাল,Medium,মাঝারি,kg,কেজি,123.04,126.78,124.91,BDT,demo template - replace with live market CSV/API,,demo only; not official; replace before publication,23.7104,90.435
2026-06-05,Dhaka,Dhaka,Dhaka Metropolitan,Jatrabari Bazar,যাত্রাবাড়ী বাজার,Ata (packet),আটা-প্যাকেট,,,kg,কেজি,56.75,58.47,57.61,BDT,demo template - replace with live market CSV/API,,demo only; not official; replace before publication,23.7104,90.435
2026-06-05,Dhaka,Dhaka,Dhaka Metropolitan,Mirpur-1 Kitchen Market,মিরপুর-১ কাঁচাবাজার,Onion-local,পেঁয়াজ-দেশি,,,kg,কেজি,64.04,66.0,65.02,BDT,demo template - replace with live market CSV/API,,demo only; not official; replace before publication,23.8067,90.3686
2026-06-05,Dhaka,Dhaka,Dhaka Metropolitan,Mirpur-1 Kitchen Market,মিরপুর-১ কাঁচাবাজার,Potato,আলু,,,kg,কেজি,36.23,37.33,36.78,BDT,demo template - replace with live market CSV/API,,demo only; not official; replace before publication,23.8067,90.3686
2026-06-05,Dhaka,Dhaka,Dhaka Metropolitan,Mirpur-1 Kitchen Market,মিরপুর-১ কাঁচাবাজার,Green Chili,কাঁচা মরিচ,,,kg,কেজি,228.57,235.53,232.05,BDT,demo template - replace with live market CSV/API,,demo only; not official; replace before publication,23.8067,90.3686
2026-06-05,Dhaka,Dhaka,Dhaka Metropolitan,Mirpur-1 Kitchen Market,মিরপুর-১ কাঁচাবাজার,Garlic-local,রসুন-দেশি,,,kg,কেজি,175.48,180.82,178.15,BDT,demo template - replace with live market CSV/API,,demo only; not official; replace before publication,23.8067,90.3686
2026-06-05,Dhaka,Dhaka,Dhaka Metropolitan,Mirpur-1 Kitchen Market,মিরপুর-১ কাঁচাবাজার,Broiler Chicken,ব্রয়লার মুরগি,,,kg,কেজি,163.07,168.03,165.55,BDT,demo template - replace with live market CSV/API,,demo only; not official; replace before publication,23.8067,90.3686
2026-06-05,Dhaka,Dhaka,Dhaka Metropolitan,Mirpur-1 Kitchen Market,মিরপুর-১ কাঁচাবাজার,Beef,গরুর মাংস,,,kg,কেজি,736.87,759.31,748.09,BDT,demo template - replace with live market CSV/API,,demo only; not official; replace before publication,23.8067,90.3686
2026-06-05,Dhaka,Dhaka,Dhaka Metropolitan,Mirpur-1 Kitchen Market,মিরপুর-১ কাঁচাবাজার,Egg,ডিম,Farm red,ফার্ম লাল,dozen,ডজন,144.71,149.11,146.91,BDT,demo template - replace with live market CSV/API,,demo only; not official; replace before publication,23.8067,90.3686
2026-06-05,Dhaka,Dhaka,Dhaka Metropolitan,Mirpur-1 Kitchen Market,মিরপুর-১ কাঁচাবাজার,Soybean,সয়াবিন তেল,Loose,খোলা,litre,লিটার,166.64,171.72,169.18,BDT,demo template - replace with live market CSV/API,,demo only; not official; replace before publication,23.8067,90.3686
2026-06-05,Dhaka,Dhaka,Dhaka Metropolitan,Mirpur-1 Kitchen Market,মিরপুর-১ কাঁচাবাজার,Sugar,চিনি,Local,দেশি,kg,কেজি,138.56,142.78,140.67,BDT,demo template - replace with live market CSV/API,,demo only; not official; replace before publication,23.8067,90.3686
2026-06-05,Dhaka,Dhaka,Dhaka Metropolitan,Mirpur-1 Kitchen Market,মিরপুর-১ কাঁচাবাজার,Masur Dal,মসুর ডাল,Medium,মাঝারি,kg,কেজি,125.39,129.21,127.3,BDT,demo template - replace with live market CSV/API,,demo only; not official; replace before publication,23.8067,90.3686
2026-06-05,Dhaka,Dhaka,Dhaka Metropolitan,Mirpur-1 Kitchen Market,মিরপুর-১ কাঁচাবাজার,Ata (packet),আটা-প্যাকেট,,,kg,কেজি,59.54,61.36,60.45,BDT,demo template - replace with live market CSV/API,,demo only; not official; replace before publication,23.8067,90.3686
2026-06-05,Dhaka,Dhaka,Dhaka Metropolitan,Mohammadpur Krishi Market,মোহাম্মদপুর কৃষি মার্কেট,Onion-local,পেঁয়াজ-দেশি,,,kg,কেজি,61.62,63.5,62.56,BDT,demo template - replace with live market CSV/API,,demo only; not official; replace before publication,23.765,90.3588
2026-06-05,Dhaka,Dhaka,Dhaka Metropolitan,Mohammadpur Krishi Market,মোহাম্মদপুর কৃষি মার্কেট,Potato,আলু,,,kg,কেজি,34.05,35.09,34.57,BDT,demo template - replace with live market CSV/API,,demo only; not official; replace before publication,23.765,90.3588
2026-06-05,Dhaka,Dhaka,Dhaka Metropolitan,Mohammadpur Krishi Market,মোহাম্মদপুর কৃষি মার্কেট,Green Chili,কাঁচা মরিচ,,,kg,কেজি,218.34,224.98,221.66,BDT,demo template - replace with live market CSV/API,,demo only; not official; replace before publication,23.765,90.3588
2026-06-05,Dhaka,Dhaka,Dhaka Metropolitan,Mohammadpur Krishi Market,মোহাম্মদপুর কৃষি মার্কেট,Garlic-local,রসুন-দেশি,,,kg,কেজি,176.87,182.25,179.56,BDT,demo template - replace with live market CSV/API,,demo only; not official; replace before publication,23.765,90.3588
2026-06-05,Dhaka,Dhaka,Dhaka Metropolitan,Mohammadpur Krishi Market,মোহাম্মদপুর কৃষি মার্কেট,Broiler Chicken,ব্রয়লার মুরগি,,,kg,কেজি,165.1,170.12,167.61,BDT,demo template - replace with live market CSV/API,,demo only; not official; replace before publication,23.765,90.3588
2026-06-05,Dhaka,Dhaka,Dhaka Metropolitan,Mohammadpur Krishi Market,মোহাম্মদপুর কৃষি মার্কেট,Beef,গরুর মাংস,,,kg,কেজি,717.32,739.16,728.24,BDT,demo template - replace with live market CSV/API,,demo only; not official; replace before publication,23.765,90.3588
2026-06-05,Dhaka,Dhaka,Dhaka Metropolitan,Mohammadpur Krishi Market,মোহাম্মদপুর কৃষি মার্কেট,Egg,ডিম,Farm red,ফার্ম লাল,dozen,ডজন,142.34,146.68,144.51,BDT,demo template - replace with live market CSV/API,,demo only; not official; replace before publication,23.765,90.3588
2026-06-05,Dhaka,Dhaka,Dhaka Metropolitan,Mohammadpur Krishi Market,মোহাম্মদপুর কৃষি মার্কেট,Soybean,সয়াবিন তেল,Loose,খোলা,litre,লিটার,164.16,169.16,166.66,BDT,demo template - replace with live market CSV/API,,demo only; not official; replace before publication,23.765,90.3588
2026-06-05,Dhaka,Dhaka,Dhaka Metropolitan,Mohammadpur Krishi Market,মোহাম্মদপুর কৃষি মার্কেট,Sugar,চিনি,Local,দেশি,kg,কেজি,134.53,138.63,136.58,BDT,demo template - replace with live market CSV/API,,demo only; not official; replace before publication,23.765,90.3588
2026-06-05,Dhaka,Dhaka,Dhaka Metropolitan,Mohammadpur Krishi Market,মোহাম্মদপুর কৃষি মার্কেট,Masur Dal,মসুর ডাল,Medium,মাঝারি,kg,কেজি,123.13,126.89,125.01,BDT,demo template - replace with live market CSV/API,,demo only; not official; replace before publication,23.765,90.3588
2026-06-05,Dhaka,Dhaka,Dhaka Metropolitan,Mohammadpur Krishi Market,মোহাম্মদপুর কৃষি মার্কেট,Ata (packet),আটা-প্যাকেট,,,kg,কেজি,60.61,62.45,61.53,BDT,demo template - replace with live market CSV/API,,demo only; not official; replace before publication,23.765,90.3588
2026-06-05,Dhaka,Dhaka,Dhaka Metropolitan,Uttara Sector 6 Market,উত্তরা সেক্টর ৬ বাজার,Onion-local,পেঁয়াজ-দেশি,,,kg,কেজি,62.21,64.11,63.16,BDT,demo template - replace with live market CSV/API,,demo only; not official; replace before publication,23.8759,90.3795
2026-06-05,Dhaka,Dhaka,Dhaka Metropolitan,Uttara Sector 6 Market,উত্তরা সেক্টর ৬ বাজার,Potato,আলু,,,kg,কেজি,36.09,37.19,36.64,BDT,demo template - replace with live market CSV/API,,demo only; not official; replace before publication,23.8759,90.3795
2026-06-05,Dhaka,Dhaka,Dhaka Metropolitan,Uttara Sector 6 Market,উত্তরা সেক্টর ৬ বাজার,Green Chili,কাঁচা মরিচ,,,kg,কেজি,232.69,239.77,236.23,BDT,demo template - replace with live market CSV/API,,demo only; not official; replace before publication,23.8759,90.3795
2026-06-05,Dhaka,Dhaka,Dhaka Metropolitan,Uttara Sector 6 Market,উত্তরা সেক্টর ৬ বাজার,Garlic-local,রসুন-দেশি,,,kg,কেজি,185.07,190.71,187.89,BDT,demo template - replace with live market CSV/API,,demo only; not official; replace before publication,23.8759,90.3795
2026-06-05,Dhaka,Dhaka,Dhaka Metropolitan,Uttara Sector 6 Market,উত্তরা সেক্টর ৬ বাজার,Broiler Chicken,ব্রয়লার মুরগি,,,kg,কেজি,168.31,173.43,170.87,BDT,demo template - replace with live market CSV/API,,demo only; not official; replace before publication,23.8759,90.3795
2026-06-05,Dhaka,Dhaka,Dhaka Metropolitan,Uttara Sector 6 Market,উত্তরা সেক্টর ৬ বাজার,Beef,গরুর মাংস,,,kg,কেজি,739.89,762.43,751.16,BDT,demo template - replace with live market CSV/API,,demo only; not official; replace before publication,23.8759,90.3795
2026-06-05,Dhaka,Dhaka,Dhaka Metropolitan,Uttara Sector 6 Market,উত্তরা সেক্টর ৬ বাজার,Egg,ডিম,Farm red,ফার্ম লাল,dozen,ডজন,143.6,147.98,145.79,BDT,demo template - replace with live market CSV/API,,demo only; not official; replace before publication,23.8759,90.3795
2026-06-05,Dhaka,Dhaka,Dhaka Metropolitan,Uttara Sector 6 Market,উত্তরা সেক্টর ৬ বাজার,Soybean,সয়াবিন তেল,Loose,খোলা,litre,লিটার,167.57,172.67,170.12,BDT,demo template - replace with live market CSV/API,,demo only; not official; replace before publication,23.8759,90.3795
2026-06-05,Dhaka,Dhaka,Dhaka Metropolitan,Uttara Sector 6 Market,উত্তরা সেক্টর ৬ বাজার,Sugar,চিনি,Local,দেশি,kg,কেজি,134.49,138.59,136.54,BDT,demo template - replace with live market CSV/API,,demo only; not official; replace before publication,23.8759,90.3795
2026-06-05,Dhaka,Dhaka,Dhaka Metropolitan,Uttara Sector 6 Market,উত্তরা সেক্টর ৬ বাজার,Masur Dal,মসুর ডাল,Medium,মাঝারি,kg,কেজি,128.37,132.27,130.32,BDT,demo template - replace with live market CSV/API,,demo only; not official; replace before publication,23.8759,90.3795
2026-06-05,Dhaka,Dhaka,Dhaka Metropolitan,Uttara Sector 6 Market,উত্তরা সেক্টর ৬ বাজার,Ata (packet),আটা-প্যাকেট,,,kg,কেজি,59.95,61.77,60.86,BDT,demo template - replace with live market CSV/API,,demo only; not official; replace before publication,23.8759,90.3795
2026-06-05,Dhaka,Dhaka,Dhaka Metropolitan,New Market Kitchen Market,নিউ মার্কেট কাঁচাবাজার,Onion-local,পেঁয়াজ-দেশি,,,kg,কেজি,62.91,64.83,63.87,BDT,demo template - replace with live market CSV/API,,demo only; not official; replace before publication,23.7332,90.3841
2026-06-05,Dhaka,Dhaka,Dhaka Metropolitan,New Market Kitchen Market,নিউ মার্কেট কাঁচাবাজার,Potato,আলু,,,kg,কেজি,34.53,35.59,35.06,BDT,demo template - replace with live market CSV/API,,demo only; not official; replace before publication,23.7332,90.3841
2026-06-05,Dhaka,Dhaka,Dhaka Metropolitan,New Market Kitchen Market,নিউ মার্কেট কাঁচাবাজার,Green Chili,কাঁচা মরিচ,,,kg,কেজি,219.67,226.37,223.02,BDT,demo template - replace with live market CSV/API,,demo only; not official; replace before publication,23.7332,90.3841
2026-06-05,Dhaka,Dhaka,Dhaka Metropolitan,New Market Kitchen Market,নিউ মার্কেট কাঁচাবাজার,Garlic-local,রসুন-দেশি,,,kg,কেজি,175.23,180.57,177.9,BDT,demo template - replace with live market CSV/API,,demo only; not official; replace before publication,23.7332,90.3841
2026-06-05,Dhaka,Dhaka,Dhaka Metropolitan,New Market Kitchen Market,নিউ মার্কেট কাঁচাবাজার,Broiler Chicken,ব্রয়লার মুরগি,,,kg,কেজি,164.75,169.77,167.26,BDT,demo template - replace with live market CSV/API,,demo only; not official; replace before publication,23.7332,90.3841
2026-06-05,Dhaka,Dhaka,Dhaka Metropolitan,New Market Kitchen Market,নিউ মার্কেট কাঁচাবাজার,Beef,গরুর মাংস,,,kg,কেজি,742.7,765.32,754.01,BDT,demo template - replace with live market CSV/API,,demo only; not official; replace before publication,23.7332,90.3841
2026-06-05,Dhaka,Dhaka,Dhaka Metropolitan,New Market Kitchen Market,নিউ মার্কেট কাঁচাবাজার,Egg,ডিম,Farm red,ফার্ম লাল,dozen,ডজন,143.3,147.66,145.48,BDT,demo template - replace with live market CSV/API,,demo only; not official; replace before publication,23.7332,90.3841
2026-06-05,Dhaka,Dhaka,Dhaka Metropolitan,New Market Kitchen Market,নিউ মার্কেট কাঁচাবাজার,Soybean,সয়াবিন তেল,Loose,খোলা,litre,লিটার,161.43,166.35,163.89,BDT,demo template - replace with live market CSV/API,,demo only; not official; replace before publication,23.7332,90.3841
2026-06-05,Dhaka,Dhaka,Dhaka Metropolitan,New Market Kitchen Market,নিউ মার্কেট কাঁচাবাজার,Sugar,চিনি,Local,দেশি,kg,কেজি,133.97,138.05,136.01,BDT,demo template - replace with live market CSV/API,,demo only; not official; replace before publication,23.7332,90.3841
2026-06-05,Dhaka,Dhaka,Dhaka Metropolitan,New Market Kitchen Market,নিউ মার্কেট কাঁচাবাজার,Masur Dal,মসুর ডাল,Medium,মাঝারি,kg,কেজি,127.87,131.77,129.82,BDT,demo template - replace with live market CSV/API,,demo only; not official; replace before publication,23.7332,90.3841
2026-06-05,Dhaka,Dhaka,Dhaka Metropolitan,New Market Kitchen Market,নিউ মার্কেট কাঁচাবাজার,Ata (packet),আটা-প্যাকেট,,,kg,কেজি,60.14,61.98,61.06,BDT,demo template - replace with live market CSV/API,,demo only; not official; replace before publication,23.7332,90.3841
2026-06-05,Dhaka,Dhaka,Dhaka Metropolitan,Rampura Bazar,রামপুরা বাজার,Onion-local,পেঁয়াজ-দেশি,,,kg,কেজি,62.16,64.06,63.11,BDT,demo template - replace with live market CSV/API,,demo only; not official; replace before publication,23.7636,90.4218
2026-06-05,Dhaka,Dhaka,Dhaka Metropolitan,Rampura Bazar,রামপুরা বাজার,Potato,আলু,,,kg,কেজি,33.53,34.55,34.04,BDT,demo template - replace with live market CSV/API,,demo only; not official; replace before publication,23.7636,90.4218
2026-06-05,Dhaka,Dhaka,Dhaka Metropolitan,Rampura Bazar,রামপুরা বাজার,Green Chili,কাঁচা মরিচ,,,kg,কেজি,226.19,233.07,229.63,BDT,demo template - replace with live market CSV/API,,demo only; not official; replace before publication,23.7636,90.4218
2026-06-05,Dhaka,Dhaka,Dhaka Metropolitan,Rampura Bazar,রামপুরা বাজার,Garlic-local,রসুন-দেশি,,,kg,কেজি,178.03,183.45,180.74,BDT,demo template - replace with live market CSV/API,,demo only; not official; replace before publication,23.7636,90.4218
2026-06-05,Dhaka,Dhaka,Dhaka Metropolitan,Rampura Bazar,রামপুরা বাজার,Broiler Chicken,ব্রয়লার মুরগি,,,kg,কেজি,162.23,167.17,164.7,BDT,demo template - replace with live market CSV/API,,demo only; not official; replace before publication,23.7636,90.4218
2026-06-05,Dhaka,Dhaka,Dhaka Metropolitan,Rampura Bazar,রামপুরা বাজার,Beef,গরুর মাংস,,,kg,কেজি,726.84,748.98,737.91,BDT,demo template - replace with live market CSV/API,,demo only; not official; replace before publication,23.7636,90.4218
2026-06-05,Dhaka,Dhaka,Dhaka Metropolitan,Rampura Bazar,রামপুরা বাজার,Egg,ডিম,Farm red,ফার্ম লাল,dozen,ডজন,141.53,145.85,143.69,BDT,demo template - replace with live market CSV/API,,demo only; not official; replace before publication,23.7636,90.4218
2026-06-05,Dhaka,Dhaka,Dhaka Metropolitan,Rampura Bazar,রামপুরা বাজার,Soybean,সয়াবিন তেল,Loose,খোলা,litre,লিটার,164.19,169.19,166.69,BDT,demo template - replace with live market CSV/API,,demo only; not official; replace before publication,23.7636,90.4218
2026-06-05,Dhaka,Dhaka,Dhaka Metropolitan,Rampura Bazar,রামপুরা বাজার,Sugar,চিনি,Local,দেশি,kg,কেজি,128.61,132.53,130.57,BDT,demo template - replace with live market CSV/API,,demo only; not official; replace before publication,23.7636,90.4218
2026-06-05,Dhaka,Dhaka,Dhaka Metropolitan,Rampura Bazar,রামপুরা বাজার,Masur Dal,মসুর ডাল,Medium,মাঝারি,kg,কেজি,123.51,127.27,125.39,BDT,demo template - replace with live market CSV/API,,demo only; not official; replace before publication,23.7636,90.4218
2026-06-05,Dhaka,Dhaka,Dhaka Metropolitan,Rampura Bazar,রামপুরা বাজার,Ata (packet),আটা-প্যাকেট,,,kg,কেজি,58.99,60.79,59.89,BDT,demo template - replace with live market CSV/API,,demo only; not official; replace before publication,23.7636,90.4218
2026-06-06,Dhaka,Dhaka,Dhaka Metropolitan,Karwan Bazar,কারওয়ান বাজার,Onion-local,পেঁয়াজ-দেশি,,,kg,কেজি,59.86,61.68,60.77,BDT,demo template - replace with live market CSV/API,,demo only; not official; replace before publication,23.7516,90.3937
2026-06-06,Dhaka,Dhaka,Dhaka Metropolitan,Karwan Bazar,কারওয়ান বাজার,Potato,আলু,,,kg,কেজি,34.51,35.57,35.04,BDT,demo template - replace with live market CSV/API,,demo only; not official; replace before publication,23.7516,90.3937
2026-06-06,Dhaka,Dhaka,Dhaka Metropolitan,Karwan Bazar,কারওয়ান বাজার,Green Chili,কাঁচা মরিচ,,,kg,কেজি,221.83,228.59,225.21,BDT,demo template - replace with live market CSV/API,,demo only; not official; replace before publication,23.7516,90.3937
2026-06-06,Dhaka,Dhaka,Dhaka Metropolitan,Karwan Bazar,কারওয়ান বাজার,Garlic-local,রসুন-দেশি,,,kg,কেজি,170.13,175.31,172.72,BDT,demo template - replace with live market CSV/API,,demo only; not official; replace before publication,23.7516,90.3937
2026-06-06,Dhaka,Dhaka,Dhaka Metropolitan,Karwan Bazar,কারওয়ান বাজার,Broiler Chicken,ব্রয়লার মুরগি,,,kg,কেজি,162.51,167.45,164.98,BDT,demo template - replace with live market CSV/API,,demo only; not official; replace before publication,23.7516,90.3937
2026-06-06,Dhaka,Dhaka,Dhaka Metropolitan,Karwan Bazar,কারওয়ান বাজার,Beef,গরুর মাংস,,,kg,কেজি,719.94,741.86,730.9,BDT,demo template - replace with live market CSV/API,,demo only; not official; replace before publication,23.7516,90.3937
2026-06-06,Dhaka,Dhaka,Dhaka Metropolitan,Karwan Bazar,কারওয়ান বাজার,Egg,ডিম,Farm red,ফার্ম লাল,dozen,ডজন,140.35,144.63,142.49,BDT,demo template - replace with live market CSV/API,,demo only; not official; replace before publication,23.7516,90.3937
2026-06-06,Dhaka,Dhaka,Dhaka Metropolitan,Karwan Bazar,কারওয়ান বাজার,Soybean,সয়াবিন তেল,Loose,খোলা,litre,লিটার,161.02,165.92,163.47,BDT,demo template - replace with live market CSV/API,,demo only; not official; replace before publication,23.7516,90.3937
2026-06-06,Dhaka,Dhaka,Dhaka Metropolitan,Karwan Bazar,কারওয়ান বাজার,Sugar,চিনি,Local,দেশি,kg,কেজি,127.74,131.64,129.69,BDT,demo template - replace with live market CSV/API,,demo only; not official; replace before publication,23.7516,90.3937
2026-06-06,Dhaka,Dhaka,Dhaka Metropolitan,Karwan Bazar,কারওয়ান বাজার,Masur Dal,মসুর ডাল,Medium,মাঝারি,kg,কেজি,122.52,126.26,124.39,BDT,demo template - replace with live market CSV/API,,demo only; not official; replace before publication,23.7516,90.3937
2026-06-06,Dhaka,Dhaka,Dhaka Metropolitan,Karwan Bazar,কারওয়ান বাজার,Ata (packet),আটা-প্যাকেট,,,kg,কেজি,58.13,59.91,59.02,BDT,demo template - replace with live market CSV/API,,demo only; not official; replace before publication,23.7516,90.3937
2026-06-06,Dhaka,Dhaka,Dhaka Metropolitan,Shyambazar,শ্যামবাজার,Onion-local,পেঁয়াজ-দেশি,,,kg,কেজি,59.74,61.56,60.65,BDT,demo template - replace with live market CSV/API,,demo only; not official; replace before publication,23.7115,90.4071
2026-06-06,Dhaka,Dhaka,Dhaka Metropolitan,Shyambazar,শ্যামবাজার,Potato,আলু,,,kg,কেজি,32.65,33.65,33.15,BDT,demo template - replace with live market CSV/API,,demo only; not official; replace before publication,23.7115,90.4071
2026-06-06,Dhaka,Dhaka,Dhaka Metropolitan,Shyambazar,শ্যামবাজার,Green Chili,কাঁচা মরিচ,,,kg,কেজি,216.2,222.78,219.49,BDT,demo template - replace with live market CSV/API,,demo only; not official; replace before publication,23.7115,90.4071
2026-06-06,Dhaka,Dhaka,Dhaka Metropolitan,Shyambazar,শ্যামবাজার,Garlic-local,রসুন-দেশি,,,kg,কেজি,170.25,175.43,172.84,BDT,demo template - replace with live market CSV/API,,demo only; not official; replace before publication,23.7115,90.4071
2026-06-06,Dhaka,Dhaka,Dhaka Metropolitan,Shyambazar,শ্যামবাজার,Broiler Chicken,ব্রয়লার মুরগি,,,kg,কেজি,157.0,161.78,159.39,BDT,demo template - replace with live market CSV/API,,demo only; not official; replace before publication,23.7115,90.4071
2026-06-06,Dhaka,Dhaka,Dhaka Metropolitan,Shyambazar,শ্যামবাজার,Beef,গরুর মাংস,,,kg,কেজি,712.89,734.61,723.75,BDT,demo template - replace with live market CSV/API,,demo only; not official; replace before publication,23.7115,90.4071
2026-06-06,Dhaka,Dhaka,Dhaka Metropolitan,Shyambazar,শ্যামবাজার,Egg,ডিম,Farm red,ফার্ম লাল,dozen,ডজন,133.0,137.06,135.03,BDT,demo template - replace with live market CSV/API,,demo only; not official; replace before publication,23.7115,90.4071
2026-06-06,Dhaka,Dhaka,Dhaka Metropolitan,Shyambazar,শ্যামবাজার,Soybean,সয়াবিন তেল,Loose,খোলা,litre,লিটার,155.83,160.57,158.2,BDT,demo template - replace with live market CSV/API,,demo only; not official; replace before publication,23.7115,90.4071
2026-06-06,Dhaka,Dhaka,Dhaka Metropolitan,Shyambazar,শ্যামবাজার,Sugar,চিনি,Local,দেশি,kg,কেজি,127.43,131.31,129.37,BDT,demo template - replace with live market CSV/API,,demo only; not official; replace before publication,23.7115,90.4071
2026-06-06,Dhaka,Dhaka,Dhaka Metropolitan,Shyambazar,শ্যামবাজার,Masur Dal,মসুর ডাল,Medium,মাঝারি,kg,কেজি,119.25,122.89,121.07,BDT,demo template - replace with live market CSV/API,,demo only; not official; replace before publication,23.7115,90.4071
2026-06-06,Dhaka,Dhaka,Dhaka Metropolitan,Shyambazar,শ্যামবাজার,Ata (packet),আটা-প্যাকেট,,,kg,কেজি,56.47,58.19,57.33,BDT,demo template - replace with live market CSV/API,,demo only; not official; replace before publication,23.7115,90.4071
2026-06-06,Dhaka,Dhaka,Dhaka Metropolitan,Jatrabari Bazar,যাত্রাবাড়ী বাজার,Onion-local,পেঁয়াজ-দেশি,,,kg,কেজি,58.56,60.34,59.45,BDT,demo template - replace with live market CSV/API,,demo only; not official; replace before publication,23.7104,90.435
2026-06-06,Dhaka,Dhaka,Dhaka Metropolitan,Jatrabari Bazar,যাত্রাবাড়ী বাজার,Potato,আলু,,,kg,কেজি,33.26,34.28,33.77,BDT,demo template - replace with live market CSV/API,,demo only; not official; replace before publication,23.7104,90.435
2026-06-06,Dhaka,Dhaka,Dhaka Metropolitan,Jatrabari Bazar,যাত্রাবাড়ী বাজার,Green Chili,কাঁচা মরিচ,,,kg,কেজি,218.36,225.02,221.69,BDT,demo template - replace with live market CSV/API,,demo only; not official; replace before publication,23.7104,90.435
2026-06-06,Dhaka,Dhaka,Dhaka Metropolitan,Jatrabari Bazar,যাত্রাবাড়ী বাজার,Garlic-local,রসুন-দেশি,,,kg,কেজি,169.09,174.23,171.66,BDT,demo template - replace with live market CSV/API,,demo only; not official; replace before publication,23.7104,90.435
2026-06-06,Dhaka,Dhaka,Dhaka Metropolitan,Jatrabari Bazar,যাত্রাবাড়ী বাজার,Broiler Chicken,ব্রয়লার মুরগি,,,kg,কেজি,155.81,160.55,158.18,BDT,demo template - replace with live market CSV/API,,demo only; not official; replace before publication,23.7104,90.435
2026-06-06,Dhaka,Dhaka,Dhaka Metropolitan,Jatrabari Bazar,যাত্রাবাড়ী বাজার,Beef,গরুর মাংস,,,kg,কেজি,709.13,730.73,719.93,BDT,demo template - replace with live market CSV/API,,demo only; not official; replace before publication,23.7104,90.435
2026-06-06,Dhaka,Dhaka,Dhaka Metropolitan,Jatrabari Bazar,যাত্রাবাড়ী বাজার,Egg,ডিম,Farm red,ফার্ম লাল,dozen,ডজন,138.8,143.02,140.91,BDT,demo template - replace with live market CSV/API,,demo only; not official; replace before publication,23.7104,90.435
2026-06-06,Dhaka,Dhaka,Dhaka Metropolitan,Jatrabari Bazar,যাত্রাবাড়ী বাজার,Soybean,সয়াবিন তেল,Loose,খোলা,litre,লিটার,158.59,163.43,161.01,BDT,demo template - replace with live market CSV/API,,demo only; not official; replace before publication,23.7104,90.435
2026-06-06,Dhaka,Dhaka,Dhaka Metropolitan,Jatrabari Bazar,যাত্রাবাড়ী বাজার,Sugar,চিনি,Local,দেশি,kg,কেজি,126.29,130.13,128.21,BDT,demo template - replace with live market CSV/API,,demo only; not official; replace before publication,23.7104,90.435
2026-06-06,Dhaka,Dhaka,Dhaka Metropolitan,Jatrabari Bazar,যাত্রাবাড়ী বাজার,Masur Dal,মসুর ডাল,Medium,মাঝারি,kg,কেজি,122.33,126.05,124.19,BDT,demo template - replace with live market CSV/API,,demo only; not official; replace before publication,23.7104,90.435
2026-06-06,Dhaka,Dhaka,Dhaka Metropolitan,Jatrabari Bazar,যাত্রাবাড়ী বাজার,Ata (packet),আটা-প্যাকেট,,,kg,কেজি,57.44,59.18,58.31,BDT,demo template - replace with live market CSV/API,,demo only; not official; replace before publication,23.7104,90.435
2026-06-06,Dhaka,Dhaka,Dhaka Metropolitan,Mirpur-1 Kitchen Market,মিরপুর-১ কাঁচাবাজার,Onion-local,পেঁয়াজ-দেশি,,,kg,কেজি,63.79,65.73,64.76,BDT,demo template - replace with live market CSV/API,,demo only; not official; replace before publication,23.8067,90.3686
2026-06-06,Dhaka,Dhaka,Dhaka Metropolitan,Mirpur-1 Kitchen Market,মিরপুর-১ কাঁচাবাজার,Potato,আলু,,,kg,কেজি,34.63,35.69,35.16,BDT,demo template - replace with live market CSV/API,,demo only; not official; replace before publication,23.8067,90.3686
2026-06-06,Dhaka,Dhaka,Dhaka Metropolitan,Mirpur-1 Kitchen Market,মিরপুর-১ কাঁচাবাজার,Green Chili,কাঁচা মরিচ,,,kg,কেজি,233.45,240.57,237.01,BDT,demo template - replace with live market CSV/API,,demo only; not official; replace before publication,23.8067,90.3686
2026-06-06,Dhaka,Dhaka,Dhaka Metropolitan,Mirpur-1 Kitchen Market,মিরপুর-১ কাঁচাবাজার,Garlic-local,রসুন-দেশি,,,kg,কেজি,181.41,186.93,184.17,BDT,demo template - replace with live market CSV/API,,demo only; not official; replace before publication,23.8067,90.3686
2026-06-06,Dhaka,Dhaka,Dhaka Metropolitan,Mirpur-1 Kitchen Market,মিরপুর-১ কাঁচাবাজার,Broiler Chicken,ব্রয়লার মুরগি,,,kg,কেজি,171.39,176.61,174.0,BDT,demo template - replace with live market CSV/API,,demo only; not official; replace before publication,23.8067,90.3686
2026-06-06,Dhaka,Dhaka,Dhaka Metropolitan,Mirpur-1 Kitchen Market,মিরপুর-১ কাঁচাবাজার,Beef,গরুর মাংস,,,kg,কেজি,769.02,792.44,780.73,BDT,demo template - replace with live market CSV/API,,demo only; not official; replace before publication,23.8067,90.3686
2026-06-06,Dhaka,Dhaka,Dhaka Metropolitan,Mirpur-1 Kitchen Market,মিরপুর-১ কাঁচাবাজার,Egg,ডিম,Farm red,ফার্ম লাল,dozen,ডজন,148.53,153.05,150.79,BDT,demo template - replace with live market CSV/API,,demo only; not official; replace before publication,23.8067,90.3686
2026-06-06,Dhaka,Dhaka,Dhaka Metropolitan,Mirpur-1 Kitchen Market,মিরপুর-১ কাঁচাবাজার,Soybean,সয়াবিন তেল,Loose,খোলা,litre,লিটার,163.11,168.07,165.59,BDT,demo template - replace with live market CSV/API,,demo only; not official; replace before publication,23.8067,90.3686
2026-06-06,Dhaka,Dhaka,Dhaka Metropolitan,Mirpur-1 Kitchen Market,মিরপুর-১ কাঁচাবাজার,Sugar,চিনি,Local,দেশি,kg,কেজি,134.93,139.03,136.98,BDT,demo template - replace with live market CSV/API,,demo only; not official; replace before publication,23.8067,90.3686
2026-06-06,Dhaka,Dhaka,Dhaka Metropolitan,Mirpur-1 Kitchen Market,মিরপুর-১ কাঁচাবাজার,Masur Dal,মসুর ডাল,Medium,মাঝারি,kg,কেজি,125.11,128.93,127.02,BDT,demo template - replace with live market CSV/API,,demo only; not official; replace before publication,23.8067,90.3686
2026-06-06,Dhaka,Dhaka,Dhaka Metropolitan,Mirpur-1 Kitchen Market,মিরপুর-১ কাঁচাবাজার,Ata (packet),আটা-প্যাকেট,,,kg,কেজি,61.73,63.61,62.67,BDT,demo template - replace with live market CSV/API,,demo only; not official; replace before publication,23.8067,90.3686
2026-06-06,Dhaka,Dhaka,Dhaka Metropolitan,Mohammadpur Krishi Market,মোহাম্মদপুর কৃষি মার্কেট,Onion-local,পেঁয়াজ-দেশি,,,kg,কেজি,60.74,62.58,61.66,BDT,demo template - replace with live market CSV/API,,demo only; not official; replace before publication,23.765,90.3588
2026-06-06,Dhaka,Dhaka,Dhaka Metropolitan,Mohammadpur Krishi Market,মোহাম্মদপুর কৃষি মার্কেট,Potato,আলু,,,kg,কেজি,34.34,35.38,34.86,BDT,demo template - replace with live market CSV/API,,demo only; not official; replace before publication,23.765,90.3588
2026-06-06,Dhaka,Dhaka,Dhaka Metropolitan,Mohammadpur Krishi Market,মোহাম্মদপুর কৃষি মার্কেট,Green Chili,কাঁচা মরিচ,,,kg,কেজি,219.49,226.17,222.83,BDT,demo template - replace with live market CSV/API,,demo only; not official; replace before publication,23.765,90.3588
2026-06-06,Dhaka,Dhaka,Dhaka Metropolitan,Mohammadpur Krishi Market,মোহাম্মদপুর কৃষি মার্কেট,Garlic-local,রসুন-দেশি,,,kg,কেজি,173.71,179.01,176.36,BDT,demo template - replace with live market CSV/API,,demo only; not official; replace before publication,23.765,90.3588
2026-06-06,Dhaka,Dhaka,Dhaka Metropolitan,Mohammadpur Krishi Market,মোহাম্মদপুর কৃষি মার্কেট,Broiler Chicken,ব্রয়লার মুরগি,,,kg,কেজি,167.75,172.85,170.3,BDT,demo template - replace with live market CSV/API,,demo only; not official; replace before publication,23.765,90.3588
2026-06-06,Dhaka,Dhaka,Dhaka Metropolitan,Mohammadpur Krishi Market,মোহাম্মদপুর কৃষি মার্কেট,Beef,গরুর মাংস,,,kg,কেজি,753.72,776.68,765.2,BDT,demo template - replace with live market CSV/API,,demo only; not official; replace before publication,23.765,90.3588
2026-06-06,Dhaka,Dhaka,Dhaka Metropolitan,Mohammadpur Krishi Market,মোহাম্মদপুর কৃষি মার্কেট,Egg,ডিম,Farm red,ফার্ম লাল,dozen,ডজন,142.34,146.68,144.51,BDT,demo template - replace with live market CSV/API,,demo only; not official; replace before publication,23.765,90.3588
2026-06-06,Dhaka,Dhaka,Dhaka Metropolitan,Mohammadpur Krishi Market,মোহাম্মদপুর কৃষি মার্কেট,Soybean,সয়াবিন তেল,Loose,খোলা,litre,লিটার,165.13,170.15,167.64,BDT,demo template - replace with live market CSV/API,,demo only; not official; replace before publication,23.765,90.3588
2026-06-06,Dhaka,Dhaka,Dhaka Metropolitan,Mohammadpur Krishi Market,মোহাম্মদপুর কৃষি মার্কেট,Sugar,চিনি,Local,দেশি,kg,কেজি,133.09,137.15,135.12,BDT,demo template - replace with live market CSV/API,,demo only; not official; replace before publication,23.765,90.3588
2026-06-06,Dhaka,Dhaka,Dhaka Metropolitan,Mohammadpur Krishi Market,মোহাম্মদপুর কৃষি মার্কেট,Masur Dal,মসুর ডাল,Medium,মাঝারি,kg,কেজি,124.49,128.29,126.39,BDT,demo template - replace with live market CSV/API,,demo only; not official; replace before publication,23.765,90.3588
2026-06-06,Dhaka,Dhaka,Dhaka Metropolitan,Mohammadpur Krishi Market,মোহাম্মদপুর কৃষি মার্কেট,Ata (packet),আটা-প্যাকেট,,,kg,কেজি,59.3,61.1,60.2,BDT,demo template - replace with live market CSV/API,,demo only; not official; replace before publication,23.765,90.3588
2026-06-06,Dhaka,Dhaka,Dhaka Metropolitan,Uttara Sector 6 Market,উত্তরা সেক্টর ৬ বাজার,Onion-local,পেঁয়াজ-দেশি,,,kg,কেজি,63.94,65.88,64.91,BDT,demo template - replace with live market CSV/API,,demo only; not official; replace before publication,23.8759,90.3795
2026-06-06,Dhaka,Dhaka,Dhaka Metropolitan,Uttara Sector 6 Market,উত্তরা সেক্টর ৬ বাজার,Potato,আলু,,,kg,কেজি,35.38,36.46,35.92,BDT,demo template - replace with live market CSV/API,,demo only; not official; replace before publication,23.8759,90.3795
2026-06-06,Dhaka,Dhaka,Dhaka Metropolitan,Uttara Sector 6 Market,উত্তরা সেক্টর ৬ বাজার,Green Chili,কাঁচা মরিচ,,,kg,কেজি,227.68,234.62,231.15,BDT,demo template - replace with live market CSV/API,,demo only; not official; replace before publication,23.8759,90.3795
2026-06-06,Dhaka,Dhaka,Dhaka Metropolitan,Uttara Sector 6 Market,উত্তরা সেক্টর ৬ বাজার,Garlic-local,রসুন-দেশি,,,kg,কেজি,182.51,188.07,185.29,BDT,demo template - replace with live market CSV/API,,demo only; not official; replace before publication,23.8759,90.3795
2026-06-06,Dhaka,Dhaka,Dhaka Metropolitan,Uttara Sector 6 Market,উত্তরা সেক্টর ৬ বাজার,Broiler Chicken,ব্রয়লার মুরগি,,,kg,কেজি,166.47,171.53,169.0,BDT,demo template - replace with live market CSV/API,,demo only; not official; replace before publication,23.8759,90.3795
2026-06-06,Dhaka,Dhaka,Dhaka Metropolitan,Uttara Sector 6 Market,উত্তরা সেক্টর ৬ বাজার,Beef,গরুর মাংস,,,kg,কেজি,755.75,778.77,767.26,BDT,demo template - replace with live market CSV/API,,demo only; not official; replace before publication,23.8759,90.3795
2026-06-06,Dhaka,Dhaka,Dhaka Metropolitan,Uttara Sector 6 Market,উত্তরা সেক্টর ৬ বাজার,Egg,ডিম,Farm red,ফার্ম লাল,dozen,ডজন,150.78,155.38,153.08,BDT,demo template - replace with live market CSV/API,,demo only; not official; replace before publication,23.8759,90.3795
2026-06-06,Dhaka,Dhaka,Dhaka Metropolitan,Uttara Sector 6 Market,উত্তরা সেক্টর ৬ বাজার,Soybean,সয়াবিন তেল,Loose,খোলা,litre,লিটার,163.99,168.99,166.49,BDT,demo template - replace with live market CSV/API,,demo only; not official; replace before publication,23.8759,90.3795
2026-06-06,Dhaka,Dhaka,Dhaka Metropolitan,Uttara Sector 6 Market,উত্তরা সেক্টর ৬ বাজার,Sugar,চিনি,Local,দেশি,kg,কেজি,134.55,138.65,136.6,BDT,demo template - replace with live market CSV/API,,demo only; not official; replace before publication,23.8759,90.3795
2026-06-06,Dhaka,Dhaka,Dhaka Metropolitan,Uttara Sector 6 Market,উত্তরা সেক্টর ৬ বাজার,Masur Dal,মসুর ডাল,Medium,মাঝারি,kg,কেজি,129.97,133.93,131.95,BDT,demo template - replace with live market CSV/API,,demo only; not official; replace before publication,23.8759,90.3795
2026-06-06,Dhaka,Dhaka,Dhaka Metropolitan,Uttara Sector 6 Market,উত্তরা সেক্টর ৬ বাজার,Ata (packet),আটা-প্যাকেট,,,kg,কেজি,60.1,61.94,61.02,BDT,demo template - replace with live market CSV/API,,demo only; not official; replace before publication,23.8759,90.3795
2026-06-06,Dhaka,Dhaka,Dhaka Metropolitan,New Market Kitchen Market,নিউ মার্কেট কাঁচাবাজার,Onion-local,পেঁয়াজ-দেশি,,,kg,কেজি,61.51,63.39,62.45,BDT,demo template - replace with live market CSV/API,,demo only; not official; replace before publication,23.7332,90.3841
2026-06-06,Dhaka,Dhaka,Dhaka Metropolitan,New Market Kitchen Market,নিউ মার্কেট কাঁচাবাজার,Potato,আলু,,,kg,কেজি,35.79,36.87,36.33,BDT,demo template - replace with live market CSV/API,,demo only; not official; replace before publication,23.7332,90.3841
2026-06-06,Dhaka,Dhaka,Dhaka Metropolitan,New Market Kitchen Market,নিউ মার্কেট কাঁচাবাজার,Green Chili,কাঁচা মরিচ,,,kg,কেজি,227.25,234.17,230.71,BDT,demo template - replace with live market CSV/API,,demo only; not official; replace before publication,23.7332,90.3841
2026-06-06,Dhaka,Dhaka,Dhaka Metropolitan,New Market Kitchen Market,নিউ মার্কেট কাঁচাবাজার,Garlic-local,রসুন-দেশি,,,kg,কেজি,176.33,181.71,179.02,BDT,demo template - replace with live market CSV/API,,demo only; not official; replace before publication,23.7332,90.3841
2026-06-06,Dhaka,Dhaka,Dhaka Metropolitan,New Market Kitchen Market,নিউ মার্কেট কাঁচাবাজার,Broiler Chicken,ব্রয়লার মুরগি,,,kg,কেজি,162.12,167.06,164.59,BDT,demo template - replace with live market CSV/API,,demo only; not official; replace before publication,23.7332,90.3841
2026-06-06,Dhaka,Dhaka,Dhaka Metropolitan,New Market Kitchen Market,নিউ মার্কেট কাঁচাবাজার,Beef,গরুর মাংস,,,kg,কেজি,735.13,757.51,746.32,BDT,demo template - replace with live market CSV/API,,demo only; not official; replace before publication,23.7332,90.3841
2026-06-06,Dhaka,Dhaka,Dhaka Metropolitan,New Market Kitchen Market,নিউ মার্কেট কাঁচাবাজার,Egg,ডিম,Farm red,ফার্ম লাল,dozen,ডজন,143.23,147.59,145.41,BDT,demo template - replace with live market CSV/API,,demo only; not official; replace before publication,23.7332,90.3841
2026-06-06,Dhaka,Dhaka,Dhaka Metropolitan,New Market Kitchen Market,নিউ মার্কেট কাঁচাবাজার,Soybean,সয়াবিন তেল,Loose,খোলা,litre,লিটার,167.24,172.34,169.79,BDT,demo template - replace with live market CSV/API,,demo only; not official; replace before publication,23.7332,90.3841
2026-06-06,Dhaka,Dhaka,Dhaka Metropolitan,New Market Kitchen Market,নিউ মার্কেট কাঁচাবাজার,Sugar,চিনি,Local,দেশি,kg,কেজি,137.83,142.03,139.93,BDT,demo template - replace with live market CSV/API,,demo only; not official; replace before publication,23.7332,90.3841
2026-06-06,Dhaka,Dhaka,Dhaka Metropolitan,New Market Kitchen Market,নিউ মার্কেট কাঁচাবাজার,Masur Dal,মসুর ডাল,Medium,মাঝারি,kg,কেজি,127.39,131.27,129.33,BDT,demo template - replace with live market CSV/API,,demo only; not official; replace before publication,23.7332,90.3841
2026-06-06,Dhaka,Dhaka,Dhaka Metropolitan,New Market Kitchen Market,নিউ মার্কেট কাঁচাবাজার,Ata (packet),আটা-প্যাকেট,,,kg,কেজি,61.49,63.37,62.43,BDT,demo template - replace with live market CSV/API,,demo only; not official; replace before publication,23.7332,90.3841
2026-06-06,Dhaka,Dhaka,Dhaka Metropolitan,Rampura Bazar,রামপুরা বাজার,Onion-local,পেঁয়াজ-দেশি,,,kg,কেজি,62.39,64.29,63.34,BDT,demo template - replace with live market CSV/API,,demo only; not official; replace before publication,23.7636,90.4218
2026-06-06,Dhaka,Dhaka,Dhaka Metropolitan,Rampura Bazar,রামপুরা বাজার,Potato,আলু,,,kg,কেজি,35.13,36.19,35.66,BDT,demo template - replace with live market CSV/API,,demo only; not official; replace before publication,23.7636,90.4218
2026-06-06,Dhaka,Dhaka,Dhaka Metropolitan,Rampura Bazar,রামপুরা বাজার,Green Chili,কাঁচা মরিচ,,,kg,কেজি,226.27,233.17,229.72,BDT,demo template - replace with live market CSV/API,,demo only; not official; replace before publication,23.7636,90.4218
2026-06-06,Dhaka,Dhaka,Dhaka Metropolitan,Rampura Bazar,রামপুরা বাজার,Garlic-local,রসুন-দেশি,,,kg,কেজি,179.43,184.89,182.16,BDT,demo template - replace with live market CSV/API,,demo only; not official; replace before publication,23.7636,90.4218
2026-06-06,Dhaka,Dhaka,Dhaka Metropolitan,Rampura Bazar,রামপুরা বাজার,Broiler Chicken,ব্রয়লার মুরগি,,,kg,কেজি,159.23,164.07,161.65,BDT,demo template - replace with live market CSV/API,,demo only; not official; replace before publication,23.7636,90.4218
2026-06-06,Dhaka,Dhaka,Dhaka Metropolitan,Rampura Bazar,রামপুরা বাজার,Beef,গরুর মাংস,,,kg,কেজি,722.25,744.25,733.25,BDT,demo template - replace with live market CSV/API,,demo only; not official; replace before publication,23.7636,90.4218
2026-06-06,Dhaka,Dhaka,Dhaka Metropolitan,Rampura Bazar,রামপুরা বাজার,Egg,ডিম,Farm red,ফার্ম লাল,dozen,ডজন,140.05,144.31,142.18,BDT,demo template - replace with live market CSV/API,,demo only; not official; replace before publication,23.7636,90.4218
2026-06-06,Dhaka,Dhaka,Dhaka Metropolitan,Rampura Bazar,রামপুরা বাজার,Soybean,সয়াবিন তেল,Loose,খোলা,litre,লিটার,162.38,167.32,164.85,BDT,demo template - replace with live market CSV/API,,demo only; not official; replace before publication,23.7636,90.4218
2026-06-06,Dhaka,Dhaka,Dhaka Metropolitan,Rampura Bazar,রামপুরা বাজার,Sugar,চিনি,Local,দেশি,kg,কেজি,131.93,135.95,133.94,BDT,demo template - replace with live market CSV/API,,demo only; not official; replace before publication,23.7636,90.4218
2026-06-06,Dhaka,Dhaka,Dhaka Metropolitan,Rampura Bazar,রামপুরা বাজার,Masur Dal,মসুর ডাল,Medium,মাঝারি,kg,কেজি,122.18,125.9,124.04,BDT,demo template - replace with live market CSV/API,,demo only; not official; replace before publication,23.7636,90.4218
2026-06-06,Dhaka,Dhaka,Dhaka Metropolitan,Rampura Bazar,রামপুরা বাজার,Ata (packet),আটা-প্যাকেট,,,kg,কেজি,60.09,61.93,61.01,BDT,demo template - replace with live market CSV/API,,demo only; not official; replace before publication,23.7636,90.4218
